{
	"partitions" : [
		{
			"name" : "Top",
			"pins" : [
				{
					"name" : "LCD_RS",
					"strict" : false
				},
				{
					"name" : "LCD_E",
					"strict" : false
				},
				{
					"name" : "RESET_LED",
					"strict" : false
				},
				{
					"name" : "DATA_BUS[0]",
					"strict" : false
				},
				{
					"name" : "DATA_BUS[1]",
					"strict" : false
				},
				{
					"name" : "DATA_BUS[2]",
					"strict" : false
				},
				{
					"name" : "DATA_BUS[3]",
					"strict" : false
				},
				{
					"name" : "DATA_BUS[4]",
					"strict" : false
				},
				{
					"name" : "DATA_BUS[5]",
					"strict" : false
				},
				{
					"name" : "DATA_BUS[6]",
					"strict" : false
				},
				{
					"name" : "DATA_BUS[7]",
					"strict" : false
				},
				{
					"name" : "reset",
					"strict" : false
				},
				{
					"name" : "clk_50Mhz",
					"strict" : false
				},
				{
					"name" : "A_or_B",
					"strict" : false
				}
			]
		}
	]
}